name,online_order,book_table,votes,approx_cost,listed_in(type),diet_type,location,rate,,,,,,,,,
Jalsa,Yes,Yes,2050,450,Buffet,nonveg,Maple Street,3.3,,,,,,,,,
Spice Elephant,No,No,2781,210,Cafe,nonveg,Oak Avenue,2.9,,,,,,,,,
San Churro Cafe,Yes,No,1683,160,Dining,nonveg,Pine Lane,2.9,,,,,,,,,
 Udupi Bhojana,No,No,746,360,Buffet,nonveg,Cedar Road,3.1,,,,,,,,,
Grand Village,Yes,Yes,4289,300,Dining,nonveg,Elm Street,3.4,,,,,,,,,
Timepass Dinner,No,No,1344,750,Cafe,nonveg,Birch Way,3.3,,,,,,,,,
Rosewood ,Yes,Yes,3613,89,Dining,nonveg,Ash Boulevard,3.2,,,,,,,,,
Onesta,Yes,Yes,4238,155,Buffet,nonveg,Willow Drive,3.4,,,,,,,,,
Penthouse Cafe,No,No,1892,200,Buffet,nonveg,Spruce Court,3.5,,,,,,,,,
Smacznego,No,No,2726,123,Cafe,nonveg,Cherry Lane,3.1,,,,,,,,,
Village Café,Yes,Yes,580,660,Dining,nonveg,Elmwood Road,4.1,,,,,,,,,
Cafe Shuffle,No,Yes,1840,900,Cafe,nonveg,Oakwood Avenue,3.3,,,,,,,,,
The Coffee Shack,Yes,No,3577,150,Dining,nonveg,Larch Street,3.2,,,,,,,,,
Caf-Eleven,No,No,4405,295,Buffet,nonveg,Walnut Way,3.3,,,,,,,,,
San Churro Cafe,Yes,No,1552,180,Dining,nonveg,Acorn Street,2.8,,,,,,,,,
Cafe Vivacity,No,Yes,2856,220,Cafe,nonveg,Riverbank Drive,2.9,,,,,,,,,
Catch-up-ino,Yes,Yes,2929,120,Dining,nonveg,Hilltop Avenue,2.8,,,,,,,,,
KirthiBiryani,No,No,4992,350,Buffet,nonveg,Lakeview Road,3.3,,,,,,,,,
T3H Cafe,Yes,No,3684,675,Dining,nonveg,Summit Court,3.4,,,,,,,,,
 Atoms Restaurant And Cafe,Yes,Yes,4605,98,Cafe,nonveg,Valley Lane,3.3,,,,,,,,,
The Vintage Cafe,No,No,1014,234,Buffet,nonveg,Meadow Drive,3.4,,,,,,,,,
Woodee Pizza,Yes,No,4982,110,Cafe,nonveg,Sunset Boulevard,3.3,,,,,,,,,
Cafe Coffee Day,No,Yes,2813,325,Dining,nonveg,Brookside Street,4,,,,,,,,,
My Tea House,Yes,Yes,3647,150,Dining,nonveg,Forest Hill Road,3.5,,,,,,,,,
Hide Out Cafe,Yes,No,66,270,Buffet,nonveg,Crossroads Avenue,3.2,,,,,,,,,
CAFE NOVA,No,No,1381,140,Cafe,nonveg,Highlands Lane,2.7,,,,,,,,,
Coffee Tindi,Yes,Yes,711,80,Dining,nonveg,Silver Birch Way,3.3,,,,,,,,,
Sea Green Cafe,No,Yes,3024,90,Buffet,nonveg,Greenwood Road,3,,,,,,,,,
Cuppa,No,No,2270,66,Dining,nonveg,Plantation Drive,3.5,,,,,,,,,
Srinathjis Cafe,Yes,Yes,3846,120,Cafe,nonveg,Windy Hill Avenue,3.4,,,,,,,,,
Redberrys,Yes,No,498,440,Cafe,nonveg,Shady Grove Road,3.2,,,,,,,,,
Foodiction,No,No,4881,315,Dining,nonveg,Garden Lane,3.4,,,,,,,,,
Sweet Truth,Yes,Yes,2381,375,Buffet,nonveg,Cedar Grove Street,3.1,,,,,,,,,
Ovenstory Pizza,No,No,4525,60,Dining,nonveg,Harvest Court,3.3,,,,,,,,,
Faasos,Yes,Yes,3431,105,Buffet,nonveg,Clover Lane,2.9,,,,,,,,,
Behrouz Biryani,Yes,No,1498,84,Cafe,nonveg,Serenity Road,3.5,,,,,,,,,
Fast And Fresh,No,No,931,220,Dining,nonveg,Paradise Boulevard,2.8,,,,,,,,,
Szechuan Dragon,No,Yes,2124,215,Buffet,nonveg,Autumn Avenue,3.1,,,,,,,,,
Empire Restaurant,Yes,Yes,3456,399,Cafe,nonveg,Peaceful Street,3.6,,,,,,,,,
Maruthi Davangere Benne Dosa,No,No,3178,290,Dining,nonveg,Ocean View Drive,3.3,,,,,,,,,
Chaatimes,Yes,No,4781,350,Cafe,nonveg,Goldenrod Lane,3.5,,,,,,,,,
Havyaka Mess,No,Yes,4130,85,Buffet,nonveg,Sweetgum Road,3,,,,,,,,,
McDonalds,Yes,No,250,399,Dining,nonveg,Zen Place,3.3,,,,,,,,,
Dominos Pizza,Yes,No,1938,270,Buffet,nonveg,Mayflower Avenue,2.9,,,,,,,,,
Onesta,No,Yes,1352,255,Dining,nonveg,Bluebell Street,3.4,,,,,,,,,
Hotboxit,Yes,Yes,400,400,Cafe,nonveg,Fern Lane,3.1,,,,,,,,,
Kitchen Garden,No,No,438,200,Buffet,nonveg,Bramble Drive,3.3,,,,,,,,,
Recipe,No,No,443,59,Dining,nonveg,Meadowlark Avenue,2.8,,,,,,,,,
Beijing Bites,Yes,Yes,3610,500,Buffet,nonveg,Autumn Court,3.3,,,,,,,,,
Tasty Bytes,No,Yes,3460,128,Cafe,nonveg,Crystal Springs Road,3,,,,,,,,,
Petoo,Yes,No,2651,46,Dining,nonveg,Stonegate Drive,3.5,,,,,,,,,
Shree Cool Point,No,No,2490,75,Buffet,nonveg,Terracotta Lane,3.2,,,,,,,,,
Corner House Ice Cream,Yes,No,1572,43,Dining,nonveg,Stone Oak Path,3.4,,,,,,,,,
Biryanis And More,No,Yes,2778,118,Cafe,nonveg,Country Lane,3.4,,,,,,,,,
Roving Feast,Yes,No,1653,391,Dining,nonveg,Desert Flower Avenue,5,,,,,,,,,
FreshMenu,No,Yes,891,320,Buffet,nonveg,Barrington Drive,3.7,,,,,,,,,
Banashankari Donne Biriyani,No,No,3233,77,Dining,nonveg,Sapphire Lane,3.2,,,,,,,,,
Wamama,Yes,Yes,1942,66,Buffet,nonveg,Rain Tree Road,3.1,,,,,,,,,
Five Star Chicken,No,Yes,702,254,Cafe,nonveg,Pine Grove Avenue,3,,,,,,,,,
XO Belgian Waffle,No,No,2617,350,Cafe,nonveg,Rosebud Lane,2.9,,,,,,,,,
Peppy Peppers,Yes,Yes,3312,81,Dining,nonveg,Foxglove Court,3.1,,,,,,,,,
Goa 0 Km,No,No,1696,50,Buffet,nonveg,Sapphire Road,3.5,,,,,,,,,
Chinese Kitchen,Yes,No,4115,95,Dining,nonveg,Willow Creek Drive,3.3,,,,,,,,,
Jeet Restaurant,No,Yes,4768,100,Cafe,nonveg,Black Oak Street,3.3,,,,,,,,,
Cake of the Day,Yes,Yes,2407,116,Dining,nonveg,Woodland Drive,3,,,,,,,,,
Kabab Magic,Yes,No,3754,150,Buffet,nonveg,Summerfield Road,2.9,,,,,,,,,
Namma Brahmin's Idli,No,No,430,177,Cafe,nonveg,Meadow Vista Avenue,3.5,,,,,,,,,
Gustoes Beer House,Yes,Yes,253,236,Dining,nonveg,Harvest Moon Lane,3.6,,,,,,,,,
Sugar Rush,No,No,3221,150,Buffet,nonveg,Blue Sky Boulevard,3.3,,,,,,,,,
Burger King,No,Yes,2334,101,Dining,nonveg,Orchard Trail,3.4,,,,,,,,,
The Good Bowl,Yes,No,2733,180,Cafe,nonveg,Island View Drive,3.2,,,,,,,,,
The Biryani Cafe,No,Yes,1136,25,Dining,nonveg,Angel’s Way,3.1,,,,,,,,,
Spicy Tandoor,Yes,Yes,2735,74,Buffet,nonveg,Peach Blossom Lane,2.8,,,,,,,,,
LSD Cafe,No,No,2498,110,Dining,nonveg,Wildflower Avenue,2.9,,,,,,,,,
Rolls On Wheels,Yes,No,774,90,Cafe,veg,Coral Way,3.3,,,,,,,,,
Om Sri Vinayaka Chats,No,No,1118,80,Buffet,veg,Cypress Street,3.9,,,,,,,,,
Sri Guru Kottureshwara Davangere Benne Dosa,Yes,Yes,4294,50,Buffet,nonveg,Holly Drive,2.7,,,,,,,,,
Devanna Dum Biriyani Centre,Yes,No,3163,45,Dining,nonveg,Peony Lane,3.4,,,,,,,,,
Kolbeh,No,Yes,2224,64,Cafe,nonveg,Riverview Terrace,3.2,,,,,,,,,
Upahar Sagar,No,No,1240,130,Dining,nonveg,Sycamore Court,3.6,,,,,,,,,
Kadalu Sea Food Restaurant,Yes,Yes,3914,135,Buffet,nonveg,Juniper Road,3.5,,,,,,,,,
Frozen Bottle,No,No,3192,90,Cafe,nonveg,Poppy Place,2.9,,,,,,,,,
Parimala Sweets,Yes,Yes,4234,300,Dining,nonveg,Camellia Lane,3.3,,,,,,,,,
Vaishali Deluxe,Yes,Yes,2115,20,Buffet,nonveg,Golden Valley Road,3,,,,,,,,,
Chill Out,No,No,1426,291,Dining,nonveg,Briarwood Avenue,2.8,,,,,,,,,
The Big O Bakes,Yes,Yes,3942,66,Cafe,nonveg,Violet Way,3.3,,,,,,,,,
Meghana Foods,No,No,4729,135,Dining,nonveg,Tulip Street,3.4,,,,,,,,,
Krishna Sagar,Yes,Yes,1834,230,Buffet,nonveg,Maple Leaf Drive,3.1,,,,,,,,,
Dessert Rose,No,No,3393,120,Cafe,veg,Hickory Lane,4.2,,,,,,,,,
Chickpet Donne Biryani House,Yes,Yes,1894,27,Dining,nonveg,Trillium Path,3.5,,,,,,,,,
Me And My Cake,No,Yes,3333,140,Buffet,nonveg,Bamboo Way,3.3,,,,,,,,,
Sunsadm,No,No,4478,89,Dining,nonveg,Mistletoe Drive,4.5,,,,,,,,,
Annapooraneshwari Mess,Yes,No,3642,55,Cafe,nonveg,Lily Street,2.8,,,,,,,,,
Thancos Natural Ice Creams,No,Yes,1115,107,Buffet,nonveg,Almond Avenue,3.1,,,,,,,,,
Nandhini Deluxe,Yes,Yes,4610,180,Dining,nonveg,Birchwood Way,2.9,,,,,,,,,
Vi Ras Bar and Restaurant,No,No,863,357,Cafe,nonveg,Peach Tree Path,4,,,,,,,,,
Kaggis,Yes,No,2352,162,Dining,nonveg,Cottonwood Drive,3.2,,,,,,,,,
Ayda Persian Kitchen,No,Yes,4304,75,Buffet,nonveg,Serenity Lane,3.4,,,,,,,,,
Chatar Patar,Yes,No,2132,40,Dining,nonveg,Acacia Street,3.6,,,,,,,,,
Polar Bear,No,No,191,190,Cafe,nonveg,Daisy Chain Road,3.8,,,,,,,,,
Kidambis Kitchen,Yes,Yes,11,180,Buffet,nonveg,Orchid Boulevard,3.3,,,,,,,,,
Mane Thindi,Yes,Yes,4632,375,Buffet,nonveg,Jasmine Way,3,,,,,,,,,
Kotian Karavali Restaurant,No,No,1162,88,Dining,nonveg,Nightingale Lane,2.9,,,,,,,,,
Floured-Baked With Love,No,Yes,310,75,Cafe,nonveg,Gardenia Street,3.5,,,,,,,,,
CAFE NOVA,Yes,No,3288,101,Dining,nonveg,Magnolia Avenue,3.3,,,,,,,,,
Cakes & Slices,No,No,3981,250,Buffet,nonveg,Coconut Grove Drive,3.3,,,,,,,,,
Spice 9,Yes,No,1846,150,Dining,nonveg,Pine Cone Road,3.4,,,,,,,,,
Coffee Shopee,Yes,Yes,2488,500,Cafe,nonveg,Lavender Lane,4.1,,,,,,,,,
Naveen Kabab & Biriyani Mane,No,No,3547,190,Dining,nonveg,Cinnamon Street,3.5,,,,,,,,,
Katriguppe Donne Biryani,Yes,Yes,2281,99,Buffet,nonveg,Amethyst Lane,2.7,,,,,,,,,
Hari Super Sandwich,No,No,2390,45,Buffet,nonveg,Sunflower Drive,3.4,,,,,,,,,
Atithi Point Ande Ka Funda,Yes,Yes,2516,320,Dining,veg,Aspen Street,3.2,,,,,,,,,
Just Bake,No,No,3059,495,Cafe,nonveg,Fairview Road,3.3,,,,,,,,,
Dharwad Line Bazaar Mishra Pedha,No,Yes,2859,128,Buffet,nonveg,Blue Pond Lane,3.8,,,,,,,,,
Cake Bite,Yes,Yes,3771,100,Cafe,nonveg,Lilac Way,3,,,,,,,,,
Aarushs Food Plaza,No,No,4168,75,Dining,nonveg,Scarlet Oak Drive,3.9,,,,,,,,,
Wood Stove,Yes,No,3101,205,Dining,nonveg,Frosty Hill Road,2.8,,,,,,,,,
Kulfi & More,No,Yes,4841,286,Buffet,nonveg,Goldensun Lane,3.1,,,,,,,,,
Kannadigas Karavali,Yes,No,3097,140,Cafe,nonveg,Cloverfield Drive,3.3,,,,,,,,,
K27 - The Pub,No,Yes,3623,189,Dining,nonveg,Coral Reef Street,4,,,,,,,,,
Bengaluru Coffee House,Yes,No,3270,99,Buffet,nonveg,Twilight Avenue,2.6,,,,,,,,,
New Mangalore Lunch Home,Yes,No,1082,60,Buffet,nonveg,Mystic Falls Road,3,,,,,,,,,
Coffee Bytes,No,Yes,3224,80,Dining,veg,Quiet Creek Lane,3.2,,,,,,,,,
Parjanya Chat Zone,No,No,973,250,Dining,nonveg,Starry Night Drive,3.5,,,,,,,,,
Kwality Wall's Swirl's Happiness Station,Yes,Yes,20,70,Cafe,nonveg,Rainbow Court,3.3,,,,,,,,,
Soms Kitchen & Bakes,No,No,2908,51,Dining,nonveg,Sapphire Springs Road,3.1,,,,,,,,,
Banashankari Nati Style,Yes,No,1119,225,Buffet,nonveg,Skye Boulevard,3.2,,,,,,,,,
Ruchi Maayaka,Yes,Yes,2756,110,Cafe,nonveg,Pebble Beach Avenue,3.4,,,,,,,,,
Mohitesh Hut Roll,No,Yes,3833,49,Dining,nonveg,Silver Maple Lane,4,,,,,,,,,
Sri Basaveshwar Jolada Rotti Oota,Yes,No,288,42,Buffet,nonveg,Sunnyvale Drive,3.2,,,,,,,,,
Roll Magic Fast Food,No,No,2487,44,Cafe,nonveg,Golden Willow Way,3.3,,,,,,,,,
Foodlieious Multi Cuisine,Yes,Yes,3972,91,Dining,nonveg,Fir Avenue,2.8,,,,,,,,,
Thanishka Nati And Karavali Style,No,No,1993,160,Dining,nonveg,Gingko Street,2.9,,,,,,,,,
Swathi Cool Point,Yes,Yes,1801,159,Buffet,nonveg,Forest Glen Drive,3.3,,,,,,,,,
Kaumudis Juoice,Yes,No,4599,78,Dining,nonveg,Morning Dew Place,3.5,,,,,,,,,
Amma - Manae,No,No,1464,315,Cafe,nonveg,Buttercup Lane,3.4,,,,,,,,,
Sri Sai Tiffannies,No,No,3943,267,Buffet,nonveg,Lighthouse Road,3.1,,,,,,,,,
Hotel Andhra Speices,Yes,Yes,1553,225,Dining,nonveg,Seaside Avenue,3.5,,,,,,,,,
Sri Murari Family Restaurant,No,No,1285,195,Cafe,nonveg,Turtle Pond Drive,3.3,,,,,,,,,
Aramane Donne Biriyani,Yes,Yes,1484,91,Dining,nonveg,Cedar Trails,3,,,,,,,,,
Darkolates,No,No,495,167,Buffet,nonveg,Morning Glory Way,2.9,,,,,,,,,
Swaada Healthy Kitchen,No,No,2324,60,Dining,nonveg,Emerald Bay Road,2.8,,,,,,,,,
Gawdaru Mane Beriyani,Yes,Yes,2759,90,Cafe,nonveg,Moonlight Avenue,3.1,,,,,,,,,
Melting Melodies,Yes,No,3209,183,Dining,nonveg,Crisp Air Lane,3.7,,,,,,,,,
New Indraprasta,No,Yes,950,98,Buffet,nonveg,Quiet Waters Drive,3.4,,,,,,,,,
Anna Kuteera,No,No,1587,350,Buffet,nonveg,Winding River Road,3.4,,,,,,,,,
Darbar,Yes,Yes,906,200,Dining,nonveg,Blackthorn Lane,4,,,,,,,,,
Vijayalakshmi,No,No,79,117,Cafe,nonveg,Berry Patch Avenue,3.5,,,,,,,,,
Bistro 142,Yes,Yes,3236,240,Dining,nonveg,Heritage Way,3.2,,,,,,,,,
Urban Tadka,Yes,Yes,3852,30,Buffet,nonveg,Ocean Breeze Drive,3.1,,,,,,,,,
Grill House,No,No,1731,192,Dining,nonveg,Maplewood Terrace,3.3,,,,,,,,,
The Spice Route,Yes,No,3933,125,Buffet,nonveg,Copper Creek Road,3.6,,,,,,,,,
Fusion Feast,No,Yes,4446,156,Cafe,nonveg,Emerald Lane,2.9,,,,,,,,,
Blue Lagoon,Yes,Yes,2496,156,Dining,nonveg,Prairie Grass Avenue,3.3,,,,,,,,,
Green Olive,No,No,3258,47,Buffet,nonveg,Firefly Lane,3.5,,,,,,,,,
Royal Treat,Yes,Yes,682,200,Cafe,nonveg,Seashell Drive,3.6,,,,,,,,,
Mystic Kitchen,Yes,No,2903,425,Dining,nonveg,Honeycomb Way,2.8,,,,,,,,,
Moonlight Dine,No,No,1281,160,Buffet,nonveg,Golden Harvest Road,3.4,,,,,,,,,
Gourmet Central,No,Yes,4317,132,Dining,nonveg,Moonstone Path,4.1,,,,,,,,,
Taste Paradise,Yes,Yes,1613,50,Cafe,nonveg,Tranquil Haven Street,4,,,,,,,,,
Seafood Delight,No,No,3496,310,Dining,nonveg,Rolling Hills Drive,3.4,,,,,,,,,
Savory Haven,Yes,Yes,4136,103,Buffet,nonveg,Bluebell Court,3.3,,,,,,,,,
Epicurean Bistro,No,No,4773,275,Cafe,nonveg,Peachtree Lane,2.8,,,,,,,,,
Cafe Delights,Yes,Yes,705,99,Dining,nonveg,Frosted Valley Avenue,3.2,,,,,,,,,
Craving Corner,No,No,3436,72,Buffet,nonveg,Sunset Hills Road,3.3,,,,,,,,,
Delish Diner,Yes,Yes,2434,90,Dining,veg,Granite Peak Drive,3.5,,,,,,,,,
Tempting Table,No,No,3954,236,Cafe,nonveg,Shady Meadow Drive,3.2,,,,,,,,,
Culinary Craft,Yes,No,3746,265,Dining,nonveg,Fairy Glen Lane,3.1,,,,,,,,,
Urban Bites,No,No,3741,140,Buffet,nonveg,Pristine Waters Road,3.4,,,,,,,,,
Flavor Junction,Yes,Yes,2913,383,Dining,nonveg,Whispering Pines Avenue,3.3,,,,,,,,,
Gastronomy Hub,Yes,Yes,1524,20,Cafe,nonveg,Starlit Sky Drive,2.9,,,,,,,,,
Chef's Special,No,No,1016,80,Buffet,nonveg,Meandering Garden Path,3.4,,,,,,,,,
Dine Divine,No,No,4318,170,Dining,nonveg,Oceanview Crescent,3,,,,,,,,,
Palate Pleasers,Yes,Yes,690,220,Dining,nonveg,Lavender Fields Road,3.3,,,,,,,,,
Euphoria Eats,No,Yes,3530,274,Cafe,nonveg,Greenhouse Lane,3.6,,,,,,,,,
Elite Eats,Yes,No,1161,150,Dining,nonveg,Lakeside Drive,3.1,,,,,,,,,
Gusto Grub,No,Yes,4981,260,Buffet,nonveg,Meadow Brook Avenue,3.5,,,,,,,,,
Chef's Palette,Yes,No,422,375,Dining,nonveg,Starlight Way,3.3,,,,,,,,,
Hearthstone Diner,No,No,2574,44,Buffet,nonveg,Winding Path Road,4.2,,,,,,,,,
Heavenly Bites,Yes,Yes,2361,318,Dining,vegan,Highland View Street,3.1,,,,,,,,,
Taste Fusion,No,Yes,2611,45,Cafe,nonveg,Sunrise Drive,3,,,,,,,,,
Luxe Lounge,Yes,No,3853,81,Cafe,nonveg,Starflower Lane,3.3,,,,,,,,,
Zesty Zest,Yes,Yes,50,98,Buffet,nonveg,Mint Path,4,,,,,,,,,
Dazzling Dishes,No,No,2399,460,Dining,nonveg,Orchard Avenue,2.9,,,,,,,,,
Vibrant Veggies,No,No,3566,225,Cafe,veg,Garden Path,3.3,,,,,,,,,
Gourmet Grazers,Yes,Yes,2363,290,Dining,nonveg,Wildberry Lane,3.2,,,,,,,,,
The Taste Yard,No,No,647,30,Buffet,nonveg,Azure Coast Drive,3.6,,,,,,,,,
Flavorsome Hub,Yes,Yes,33,106,Cafe,nonveg,Candy Apple Lane,3.4,,,,,,,,,
Culinary Castle,No,No,2901,325,Dining,nonveg,Thicket Trail,3.1,,,,,,,,,
Divine Dishes,Yes,Yes,578,52,Buffet,nonveg,Clearwater Avenue,2.8,,,,,,,,,
Epicure Eatery,Yes,Yes,2044,102,Dining,nonveg,Copper Leaf Road,3.5,,,,,,,,,
Savory Bites,No,No,4492,44,Cafe,nonveg,Eagle Ridge Drive,3.2,,,,,,,,,
Spice Symphony,No,No,1138,480,Buffet,vegan,Twilight Stream Road,3.3,,,,,,,,,
Delish Hub,Yes,Yes,3216,85,Cafe,nonveg,Golden Horizon Avenue,3.5,,,,,,,,,
Flavor Fiesta,No,No,4856,500,Dining,nonveg,Pebble Brook Drive,3.4,,,,,,,,,
Chef's Choice,Yes,Yes,169,375,Buffet,nonveg,Maple Cliff Lane,3.6,,,,,,,,,
Urban Savory,No,No,76,99,Dining,nonveg,Lush Valley Road,3.3,,,,,,,,,
Elite Eats,Yes,Yes,4176,170,Dining,nonveg,Honey Bee Lane,3.1,,,,,,,,,
Taste Haven,No,Yes,4157,212,Cafe,nonveg,Forgotten Grove Drive,2.9,,,,,,,,,
Gourmet Haven,Yes,No,2327,370,Buffet,nonveg,Sugar Maple Way,3.4,,,,,,,,,
Savory Street,Yes,No,3708,130,Dining,nonveg,Rainbow Ridge Avenue,3.5,,,,,,,,,
Hearty Grub,No,Yes,3843,55,Cafe,nonveg,Majestic Pines Street,3.2,,,,,,,,,
The Dining Room,No,No,2089,98,Dining,nonveg,Camelot Lane,2.9,,,,,,,,,
Epicurean Eats,Yes,Yes,2784,70,Buffet,nonveg,Sunnyhill Drive,3.4,,,,,,,,,
Culinary Wonders,No,Yes,352,200,Dining,nonveg,Waffle Cone Lane,3.3,,,,,,,,,
Heavenly Dine,Yes,No,138,142,Buffet,nonveg,Blue Skies Drive,3.1,,,,,,,,,
Gastronomy Palace,No,No,3070,156,Cafe,nonveg,Mountain View Way,2.9,,,,,,,,,
Palate Perfection,Yes,Yes,3250,243,Dining,nonveg,Rainbow Valley Road,3.5,,,,,,,,,
Zesty Eatery,No,Yes,1795,89,Dining,nonveg,Treetop Terrace,3,,,,,,,,,
Dine Delight,Yes,No,4223,125,Buffet,nonveg,Maple Glen Avenue,2.9,,,,,,,,,
Savory Sensations,No,No,3296,49,Dining,nonveg,Riverwood Drive,3.3,,,,,,,,,
Gastronomy Garden,Yes,Yes,54,99,Cafe,nonveg,Pine Hill Road,3.2,,,,,,,,,
Tasteful Treats,Yes,No,28,425,Buffet,nonveg,Golden Grape Lane,3.7,,,,,,,,,
Savory Delights,No,No,1789,240,Dining,nonveg,Whispering Willow Street,3.5,,,,,,,,,
Feast Faves,No,Yes,4399,300,Cafe,nonveg,Rustling Leaf Road,3.4,,,,,,,,,
Urban Spice,Yes,Yes,2943,185,Dining,nonveg,Garden Grove Drive,3.3,,,,,,,,,
Tasteful Bites,No,No,16,88,Buffet,nonveg,Sunlit Lane,2.8,,,,,,,,,
Divine Dine,Yes,No,3905,320,Café,nonveg,Dewdrop Avenue,3.4,,,,,,,,,
The Savory Spoon,No,Yes,4795,123,Dining,nonveg,Azure Skies Drive,3.7,,,,,,,,,
Spice Delight,Yes,Yes,1372,189,Buffet,nonveg,Barn Owl Avenue,3.3,,,,,,,,,
Flavor Feast,No,No,813,15,Dining,nonveg,Breezy Hill Way,4,,,,,,,,,
Epicurean Fusion,Yes,Yes,4735,480,Cafe,nonveg,Blue Ridge Road,3.5,,,,,,,,,
Hearty Eats,Yes,No,2239,12,Dining,nonveg,Maple Blossom Path,3.2,,,,,,,,,
Tasty Treats,No,Yes,4087,67,Buffet,nonveg,Starview Drive,3.1,,,,,,,,,
Taste Tavern,No,No,2589,80,Buffet,nonveg,Sunset Ridge Avenue,2.9,,,,,,,,,
Grill and Greens,Yes,No,3505,200,Cafe,nonveg,Evergreen Lane,3.4,,,,,,,,,
Spice House,No,Yes,4050,390,Dining,nonveg,Cascading Water Drive,3.6,,,,,,,,,
Flavor Lab,Yes,No,128,419,Buffet,nonveg,Echo Hollow Road,3.5,,,,,,,,,
Zesty Zone,No,Yes,4811,56,Dining,nonveg,Silver Sky Avenue,3,,,,,,,,,
Heavenly Eats,Yes,No,1320,395,Cafe,nonveg,Citrine Lane,3.3,,,,,,,,,
Tasty Bites,Yes,Yes,4587,256,Dining,nonveg,Radiant Road,3.2,,,,,,,,,
Palate Pleasures,No,No,2433,70,Buffet,nonveg,Maplewood Way,3.4,,,,,,,,,
Gastronomy Gourmet,No,Yes,1582,125,Dining,nonveg,Wandering Willow Avenue,2.9,,,,,,,,,
Flavor Factory,Yes,No,4167,90,Cafe,nonveg,Sunbeam Street,3.1,,,,,,,,,
Culinary Creations,No,Yes,1502,280,Dining,nonveg,Serendipity Lane,4,,,,,,,,,
Delicious Dine,Yes,Yes,3271,228,Buffet,nonveg,Horizon Way,3.4,,,,,,,,,
Savory Spots,No,No,4562,110,Dining,nonveg,Misty Woods Road,3.5,,,,,,,,,
Fusion Fare,Yes,No,1864,358,Buffet,nonveg,Redwood Lane,2.8,,,,,,,,,
Epicurean Eats,No,No,2046,175,Cafe,nonveg,Morning Mist Place,3.3,,,,,,,,,
Heavenly Hub,Yes,Yes,3719,140,Dining,nonveg,Sunnybank Avenue,3.9,,,,,,,,,
Gourmet Goods,Yes,Yes,87,70,Buffet,nonveg,Floating Leaf Street,3.2,,,,,,,,,
Delightful Dine,No,No,1898,440,Dining,nonveg,Airstream Avenue,2.9,,,,,,,,,
Tasty Treasures,Yes,No,879,318,Cafe,nonveg,Glistening Night Drive,3.3,,,,,,,,,
Flavorsome Feast,No,Yes,41,69,Dining,nonveg,Sunshine Grove Road,5,,,,,,,,,
Savory Station,Yes,No,4657,298,Buffet,nonveg,Golden Harvest Lane,3.5,,,,,,,,,
Gastronomy Galore,No,No,15,115,Dining,nonveg,Catreek Drive,4.1,,,,,,,,,
Epicurean Oasis,Yes,Yes,1859,422,Buffet,nonveg,Evergreen Brook Lane,3.3,,,,,,,,,
Taste Tease,No,Yes,3979,60,Cafe,nonveg,Farmland Road,3,,,,,,,,,
Spice Sensation,No,No,1038,90,Dining,nonveg,Cascade Ridge Drive,3.2,,,,,,,,,
Zesty Kitchen,Yes,Yes,3469,250,Buffet,nonveg,Charming Lane,3.1,,,,,,,,,
Delicious Delights,No,No,2874,250,Dining,nonveg,Heavenly Acres Way,3.5,,,,,,,,,
Urban Eats,Yes,No,4283,99,Cafe,nonveg,Serenity Springs Road,3.2,,,,,,,,,
Culinary Haven,Yes,Yes,4259,201,Dining,nonveg,Maple Street,3.1,,,,,,,,,
Flavor Fusion,No,Yes,321,80,Buffet,nonveg,Oak Avenue,3.4,,,,,,,,,
Tasty Fusion,No,No,3346,175,Dining,nonveg,Pine Lane,3.2,,,,,,,,,
Gourmet Gatherings,Yes,No,1895,65,Cafe,nonveg,Cedar Road,3.3,,,,,,,,,
Savory Splendor,No,Yes,4353,225,Buffet,nonveg,Elm Street,3.9,,,,,,,,,
Epicurean Essence,Yes,No,48,370,Dining,nonveg,Birch Way,4,,,,,,,,,
Taste Temptations,No,Yes,838,99,Dining,nonveg,Ash Boulevard,3.1,,,,,,,,,
Flavor Fusion,Yes,No,2639,45,Cafe,nonveg,Willow Drive,3.3,,,,,,,,,
Dine Divine,No,Yes,647,300,Dining,nonveg,Spruce Court,3.2,,,,,,,,,
Culinary Bliss,Yes,No,983,450,Buffet,nonveg,Cherry Lane,3.5,,,,,,,,,
Urban Savory,Yes,Yes,694,112,Buffet,nonveg,Elmwood Road,2.7,,,,,,,,,
Elite Eateries,No,Yes,2029,20,Dining,nonveg,Oakwood Avenue,3,,,,,,,,,
Delicious Dining,No,No,1589,150,Cafe,nonveg,Larch Street,3.3,,,,,,,,,
Savor Station,Yes,No,2499,385,Dining,nonveg,Walnut Way,3.6,,,,,,,,,
Culinary Delights,No,No,4756,345,Buffet,nonveg,Acorn Street,3.5,,,,,,,,,
Heavenly Feast,Yes,Yes,1021,114,Dining,nonveg,Riverbank Drive,3.3,,,,,,,,,
Tasteful Treasures,No,No,2354,260,Cafe,nonveg,Hilltop Avenue,3.2,,,,,,,,,
Flavorful Feasts,Yes,Yes,2982,20,Dining,nonveg,Lakeview Road,3.4,,,,,,,,,
Gourmet Grub,No,No,3501,180,Buffet,nonveg,Summit Court,3.1,,,,,,,,,
Savory Satisfactions,Yes,No,3461,99,Cafe,veg,Valley Lane,4,,,,,,,,,
The Tasty Table,Yes,Yes,3286,206,Dining,veg,Meadow Drive,3.5,,,,,,,,,
Epicurean Escapes,No,Yes,4853,125,Buffet,nonveg,Sunset Boulevard,3.3,,,,,,,,,
Culinary Creations,No,No,3372,363,Dining,nonveg,Brookside Street,2.8,,,,,,,,,
The Flavor Factor,Yes,No,1718,411,Buffet,nonveg,Forest Hill Road,3.4,,,,,,,,,
Delicious Dishes,No,Yes,3680,440,Cafe,nonveg,Crossroads Avenue,3.2,,,,,,,,,
Tasty Treats,Yes,Yes,549,55,Dining,nonveg,Highlands Lane,2.9,,,,,,,,,
Savor the Moment,No,No,2353,92,Buffet,nonveg,Silver Birch Way,4.1,,,,,,,,,
Gourmet Goodies,Yes,No,2951,150,Dining,nonveg,Greenwood Road,3.3,,,,,,,,,
Flavors of Bangalore,No,Yes,49,110,Cafe,nonveg,Plantation Drive,3.5,,,,,,,,,
Savory Symphonies,Yes,No,2332,265,Dining,nonveg,Windy Hill Avenue,2.8,,,,,,,,,
Epicurean Paradise,No,No,4714,325,Buffet,nonveg,Shady Grove Road,3.4,,,,,,,,,
Culinary Carnival,Yes,Yes,1303,278,Dining,nonveg,Garden Lane,3.3,,,,,,,,,
Flavor Fest,No,Yes,4459,320,Cafe,nonveg,Cedar Grove Street,3.1,,,,,,,,,
Divine Dishes,Yes,Yes,3766,90,Dining,veg,Harvest Court,2.9,,,,,,,,,
Tasteful Bites,Yes,No,1474,64,Buffet,nonveg,Clover Lane,3.2,,,,,,,,,
The Gourmet Spot,No,No,1734,150,Dining,nonveg,Serenity Road,3.4,,,,,,,,,
Savory Station,Yes,Yes,3678,156,Cafe,nonveg,Paradise Boulevard,3.2,,,,,,,,,
Tasty Temptations,No,No,2060,207,Dining,nonveg,Autumn Avenue,2.7,,,,,,,,,
Flavorful Finds,Yes,Yes,3234,289,Buffet,nonveg,Peaceful Street,3.3,,,,,,,,,
Gourmet Gatherings,No,No,3873,399,Dining,nonveg,Ocean View Drive,3.1,,,,,,,,,
Culinary Castle,Yes,No,1672,330,Cafe,nonveg,Goldenrod Lane,4.5,,,,,,,,,
Urban Eats,No,Yes,4565,240,Dining,nonveg,Sweetgum Road,2.8,,,,,,,,,
Delicious Delights,No,No,1692,140,Dining,nonveg,Zen Place,3.4,,,,,,,,,
The Taste Tavern,Yes,Yes,4272,99,Buffet,nonveg,Mayflower Avenue,3.2,,,,,,,,,
Savor the Flavor,No,No,2515,250,Dining,nonveg,Bluebell Street,3.1,,,,,,,,,
Gourmet Junction,Yes,Yes,2024,28,Cafe,nonveg,Fern Lane,3.3,,,,,,,,,
Savory Street,No,No,1446,55,Dining,nonveg,Bramble Drive,3.9,,,,,,,,,
Epicurean Eats,Yes,Yes,1724,440,Buffet,nonveg,Meadowlark Avenue,3.2,,,,,,,,,
Culinary Wonders,No,No,4825,128,Buffet,nonveg,Autumn Court,3.6,,,,,,,,,
Heavenly Cuisine,No,Yes,889,346,Dining,nonveg,Crystal Springs Road,3.5,,,,,,,,,
Flavorful Fare,Yes,No,4331,13,Cafe,nonveg,Stonegate Drive,3.3,,,,,,,,,
Taste Treats,Yes,Yes,2234,76,Dining,nonveg,Terracotta Lane,3.1,,,,,,,,,
Gastronomy Garden,No,Yes,3685,256,Buffet,nonveg,Stone Oak Path,2.9,,,,,,,,,
Savor Bites,No,No,3928,240,Dining,nonveg,Country Lane,3,,,,,,,,,
Epicurean Feast,Yes,Yes,927,53,Buffet,nonveg,Desert Flower Avenue,2.8,,,,,,,,,
Culinary Charms,Yes,No,1854,199,Dining,nonveg,Barrington Drive,3.5,,,,,,,,,
Divine Dining,No,No,2843,70,Cafe,nonveg,Sapphire Lane,3.2,,,,,,,,,
Taste Teasers,Yes,Yes,561,89,Dining,veg,Rain Tree Road,3.1,,,,,,,,,
Flavor Factory,No,Yes,2186,110,Buffet,nonveg,Pine Grove Avenue,3.3,,,,,,,,,
Heavenly Hues,Yes,No,3643,170,Dining,nonveg,Rosebud Lane,3.4,,,,,,,,,
Savory Delights,No,No,853,75,Cafe,nonveg,Foxglove Court,3.1,,,,,,,,,
Gourmet Glories,Yes,Yes,4740,488,Dining,nonveg,Sapphire Road,3.3,,,,,,,,,
Epicurean Oasis,Yes,Yes,1751,101,Buffet,nonveg,Willow Creek Drive,3,,,,,,,,,
Culinary Castle,No,No,3509,420,Dining,nonveg,Black Oak Street,3.5,,,,,,,,,
Urban Savory,No,Yes,2541,300,Cafe,nonveg,Woodland Drive,2.9,,,,,,,,,
The Flavor House,Yes,No,1424,150,Dining,nonveg,Summerfield Road,3.4,,,,,,,,,
Divine Delights,No,No,837,280,Buffet,nonveg,Meadow Vista Avenue,3.2,,,,,,,,,
Taste Sensations,Yes,Yes,1899,21,Dining,nonveg,Harvest Moon Lane,3.3,,,,,,,,,
Savory Sanctuary,No,No,3111,80,Cafe,veg,Blue Sky Boulevard,3.4,,,,,,,,,
Epicurean Eats,Yes,Yes,4983,18,Dining,nonveg,Orchard Trail,3.1,,,,,,,,,
Culinary Haven,No,No,3077,250,Buffet,nonveg,Island View Drive,2.8,,,,,,,,,
Gourmet Treasures,Yes,Yes,4829,157,Dining,nonveg,Angel’s Way,3.5,,,,,,,,,
Flavorful Feasts,Yes,Yes,1003,185,Buffet,nonveg,Peach Blossom Lane,3,,,,,,,,,
The Savory Spoon,No,No,2631,190,Dining,nonveg,Wildflower Avenue,3.2,,,,,,,,,
Urban Bites,Yes,No,1754,200,Cafe,nonveg,Coral Way,3.2,,,,,,,,,
Epicurean Elegance,No,Yes,4751,110,Dining,nonveg,Cypress Street,3.5,,,,,,,,,
Culinary Creations,No,Yes,1727,196,Buffet,nonveg,Holly Drive,3.1,,,,,,,,,
Heavenly Eats,Yes,No,797,75,Cafe,nonveg,Peony Lane,3.4,,,,,,,,,
Flavor Fusion,No,No,1509,30,Dining,nonveg,Riverview Terrace,3.3,,,,,,,,,
Gourmet Grazers,Yes,Yes,1749,200,Buffet,nonveg,Sycamore Court,3.3,,,,,,,,,
Savor Sensations,No,No,4542,200,Dining,nonveg,Juniper Road,4,,,,,,,,,
Epicurean Bliss,Yes,No,4872,275,Cafe,nonveg,Poppy Place,3.5,,,,,,,,,
Culinary Craft,Yes,Yes,829,56,Dining,nonveg,Camellia Lane,2.7,,,,,,,,,
Tasty Treats,No,Yes,4745,75,Buffet,nonveg,Golden Valley Road,3.3,,,,,,,,,
Flavorful Feasts,Yes,No,4528,135,Dining,nonveg,Briarwood Avenue,3.2,,,,,,,,,
Savory Station,No,Yes,523,99,Cafe,nonveg,Violet Way,3.6,,,,,,,,,
Gourmet Goods,Yes,No,4387,367,Dining,nonveg,Tulip Street,3.2,,,,,,,,,
The Tasty Table,No,No,4733,225,Buffet,nonveg,Maple Leaf Drive,3.4,,,,,,,,,
Epicurean Escapades,Yes,Yes,3081,355,Cafe,nonveg,Hickory Lane,3.5,,,,,,,,,
Culinary Charms,No,No,2123,85,Dining,nonveg,Trillium Path,3.3,,,,,,,,,
Heavenly Feast,No,Yes,4958,285,Dining,nonveg,Bamboo Way,2.8,,,,,,,,,
Flavorful Fare,Yes,No,1383,150,Buffet,nonveg,Mistletoe Drive,3.1,,,,,,,,,
Urban Eats,No,Yes,1617,70,Buffet,nonveg,Lily Street,3.6,,,,,,,,,
Gourmet Gatherings,Yes,Yes,4539,89,Dining,nonveg,Almond Avenue,3.4,,,,,,,,,
Savory Satisfactions,No,No,2235,250,Cafe,nonveg,Birchwood Way,3.1,,,,,,,,,
Epicurean Essence,Yes,No,2562,50,Dining,nonveg,Peach Tree Path,3.3,,,,,,,,,
Culinary Bliss,No,Yes,3170,65,Buffet,nonveg,Cottonwood Drive,3,,,,,,,,,
Taste Temptations,Yes,No,3915,91,Dining,nonveg,Serenity Lane,3.5,,,,,,,,,
Delicious Dining,No,Yes,4758,150, Cafe,nonveg,Acacia Street,3.3,,,,,,,,,
Flavorful Finds,Yes,No,1992,200,Buffet,nonveg,Daisy Chain Road,2.9,,,,,,,,,
Savory Symphonies,Yes,Yes,1884,375,Buffet,nonveg,Orchid Boulevard,3.6,,,,,,,,,
Gourmet Glories,No,No,3624,40,Dining,nonveg,Jasmine Way,2.8,,,,,,,,,
Epicurean Paradise,No,Yes,542,160,Cafe,nonveg,Nightingale Lane,3.2,,,,,,,,,
The Tasty Tavern,Yes,Yes,3092,415,Dining,nonveg,Gardenia Street,3.5,,,,,,,,,
Savor the Flavor,No,No,1831,128,Dining,nonveg,Magnolia Avenue,3.3,,,,,,,,,
Culinary Creations,Yes,No,1253,76,Buffet,nonveg,Coconut Grove Drive,4.2,,,,,,,,,
Epicurean Escapes,No,Yes,1184,145,Dining,nonveg,Pine Cone Road,3.1,,,,,,,,,
Tasty Treats,Yes,No,2030,299,Cafe,nonveg,Lavender Lane,3.4,,,,,,,,,
Flavorful Feasts,No,Yes,1812,295,Dining,nonveg,Cinnamon Street,3.3,,,,,,,,,
Gourmet Goodies,Yes,No,3531,450,Buffet,nonveg,Amethyst Lane,2.9,,,,,,,,,
Savory Sanctuary,Yes,Yes,4170,22,Buffet,veg,Sunflower Drive,3,,,,,,,,,
The Flavor House,No,Yes,1621,254,Dining,nonveg,Aspen Street,4,,,,,,,,,
Divine Delights,No,No,1561,107,Cafe,nonveg,Fairview Road,3.5,,,,,,,,,
Urban Bites,Yes,No,4145,210,Dining,nonveg,Blue Pond Lane,3.1,,,,,,,,,
Epicurean Elegance,No,Yes,3909,85,Buffet,nonveg,Lilac Way,2.8,,,,,,,,,
Culinary Craft,Yes,No,3553,200,Dining,nonveg,Scarlet Oak Drive,3.6,,,,,,,,,
Flavor Factory,Yes,Yes,81,300,Buffet,nonveg,Frosty Hill Road,3.4,,,,,,,,,
Taste Sensations,No,No,2722,110,Cafe,nonveg,Goldensun Lane,3.5,,,,,,,,,
Heavenly Eats,Yes,NO,2056,66,Dining,nonveg,Cloverfield Drive,4.1,,,,,,,,,
Savor Sensations,No,Yes,827,60,Cafe,nonveg,Coral Reef Street,3.3,,,,,,,,,
Gourmet Treasures,Yes,No,4312,132,Dining,nonveg,Twilight Avenue,3.2,,,,,,,,,
The Savory Spoon,No,No,2388,98,Buffet,nonveg,Mystic Falls Road,2.9,,,,,,,,,
Epicurean Bliss,Yes,No,3640,90,Buffet,nonveg,Quiet Creek Lane,3.3,,,,,,,,,
Culinary Charms,Yes,Yes,1811,90,Cafe,nonveg,Starry Night Drive,3.4,,,,,,,,,
Flavorful Fare,No,Yes,3549,280,Dining,vegan,Rainbow Court,3.2,,,,,,,,,
Heavenly Feast,No,No,3789,49,Buffet,nonveg,Sapphire Springs Road,3,,,,,,,,,
Urban Eats,Yes,No,1570,170,Dining,nonveg,Skye Boulevard,3.5,,,,,,,,,
Savory Station,No,Yes,3707,299,Cafe,nonveg,Pebble Beach Avenue,3.2,,,,,,,,,
Epicurean Escapades,Yes,Yes,2385,15,Dining,nonveg,Silver Maple Lane,3.5,,,,,,,,,
Gourmet Goods,No,No,1902,150,Buffet,veg,Sunnyvale Drive,3.3,,,,,,,,,
Flavorful Finds,Yes,No,3877,256,Dining,nonveg,Golden Willow Way,3.1,,,,,,,,,
Savor Bites,No,Yes,2022,75,Buffet,nonveg,Fir Avenue,3.4,,,,,,,,,
The Tasty Table,Yes,No,4225,100,Dining,nonveg,Gingko Street,3.3,,,,,,,,,
Epicurean Elegance,Yes,Yes,4715,85,Cafe,nonveg,Forest Glen Drive,3.5,,,,,,,,,
Culinary Charms,No,Yes,2669,220,Dining,nonveg,Morning Dew Place,3,,,,,,,,,
Savory Satisfactions,No,No,968,89,Buffet,nonveg,Buttercup Lane,3.4,,,,,,,,,
Gourmet Glories,Yes,Yes,2158,120,Dining,nonveg,Lighthouse Road,2.6,,,,,,,,,
The Savory Spoon,No,No,1868,95,Cafe,vegan,Seaside Avenue,2.9,,,,,,,,,
Epicurean Paradise,Yes,No,1669,450,Dining,nonveg,Turtle Pond Drive,3.3,,,,,,,,,
Heavenly Eats,No,No,670,18,Buffet,nonveg,Cedar Trails,3.1,,,,,,,,,
Flavor Factory,Yes,Yes,2782,278,Dining,nonveg,Morning Glory Way,3.2,,,,,,,,,
Tasty Treats,No,No,65,84,Cafe,nonveg,Emerald Bay Road,3.6,,,,,,,,,
Savory Symphonies,Yes,No,3463,150,Dining,nonveg,Moonlight Avenue,3.5,,,,,,,,,
Gourmet Grazers,No,Yes,1633,170,Buffet,nonveg,Crisp Air Lane,3.8,,,,,,,,,
Epicurean Oasis,Yes,Yes,1358,75,Dining,nonveg,Quiet Waters Drive,3.4,,,,,,,,,
Heavenly Feast,Yes,No,4291,155,Dining,nonveg,Winding River Road,3.2,,,,,,,,,
Culinary Castle,No,No,3332,35,Buffet,nonveg,Blackthorn Lane,3.3,,,,,,,,,
Flavorful Feasts,No,Yes,3237,75,Buffet,nonveg,Berry Patch Avenue,3.4,,,,,,,,,
Savory Sanctuary,Yes,Yes,1472,300,Dining,nonveg,Heritage Way,3.5,,,,,,,,,
Gourmet Gatherings,No,No,2683,120,Buffet,nonveg,Ocean Breeze Drive,3.5,,,,,,,,,
Epicurean Bliss,Yes,Yes,4973,90,Cafe,nonveg,Maplewood Terrace,3.3,,,,,,,,,
Culinary Creations,No,No,19,275,Dining,nonveg,Copper Creek Road,3.2,,,,,,,,,
The Tasty Tavern,Yes,Yes,4780,41,Buffet,nonveg,Emerald Lane,3.4,,,,,,,,,
Epicurean Escapes,No,No,512,171,Dining,nonveg,Prairie Grass Avenue,3.1,,,,,,,,,
Urban Savory,Yes,No,1650,83,Cafe,nonveg,Firefly Lane,3.6,,,,,,,,,
Savory Street,No,No,999,50,Dining,nonveg,Seashell Drive,3.7,,,,,,,,,
Flavorful Fare,Yes,Yes,2105,56,Buffet,nonveg,Honeycomb Way,2.8,,,,,,,,,
The Flavor House,No,Yes,2233,296,Buffet,nonveg,Golden Harvest Road,3.9,,,,,,,,,
Savor Sensations,Yes,No,981,99,Cafe,nonveg,Moonstone Path,3.5,,,,,,,,,
Epicurean Eats,Yes,No,3452,220,Dining,nonveg,Tranquil Haven Street,3.1,,,,,,,,,
Culinary Wonders,No,Yes,269,45,Cafe,nonveg,Rolling Hills Drive,3.2,,,,,,,,,
Divine Dining,No,No,2295,200,Dining,nonveg,Bluebell Court,2.9,,,,,,,,,
Taste Sensations,Yes,Yes,3334,210,Buffet,nonveg,Peachtree Lane,3.4,,,,,,,,,
Gastronomy Garden,No,No,4623,50,Cafe,nonveg,Frosted Valley Avenue,2.7,,,,,,,,,
Savor the Flavor,Yes,Yes,1901,412,Dining,nonveg,Sunset Hills Road,3.3,,,,,,,,,
Epicurean Elegance,No,Yes,2766,60,Dining,nonveg,Granite Peak Drive,3.5,,,,,,,,,
Culinary Bliss,Yes,No,98,80,Buffet,nonveg,Shady Meadow Drive,4,,,,,,,,,
Flavorful Finds,No,No,3005,225,Buffet,nonveg,Fairy Glen Lane,3.1,,,,,,,,,
The Savory Spoon,Yes,Yes,2280,205,Dining,nonveg,Pristine Waters Road,3.3,,,,,,,,,
Savory Station,Yes,No,64,180,Cafe,nonveg,Whispering Pines Avenue,3.5,,,,,,,,,
Heavenly Eats,No,Yes,3291,128,Dining,nonveg,Starlit Sky Drive,3.4,,,,,,,,,
Epicurean Charms,No,Yes,1298,295,Buffet,nonveg,Meandering Garden Path,2.9,,,,,,,,,
Culinary Castle,Yes,No,87,300,Dining,nonveg,Oceanview Crescent,3.1,,,,,,,,,
The Tasty Tavern,No,Yes,4201,375,Cafe,nonveg,Lavender Fields Road,3.5,,,,,,,,,
Savory Satisfactions,Yes,No,2549,420,Dining,nonveg,Greenhouse Lane,3.3,,,,,,,,,
Epicurean Treasures,No,Yes,327,104,Buffet,nonveg,Lakeside Drive,3,,,,,,,,,
Gourmet Glories,Yes,No,2626,45,Cafe,nonveg,Meadow Brook Avenue,3.2,,,,,,,,,
Flavorful Feasts,No,No,1651,70,Dining,nonveg,Starlight Way,3.6,,,,,,,,,
Savor Bites,Yes,Yes,2261,150,Buffet,nonveg,Winding Path Road,2.9,,,,,,,,,
Epicurean Oasis,No,Yes,3453,188,Dining,nonveg,Highland View Street,3.3,,,,,,,,,
Culinary Creations,Yes,No,1574,453,Dining,nonveg,Sunrise Drive,3.4,,,,,,,,,
The Flavor House,Yes,Yes,3709,345,Cafe,nonveg,Starflower Lane,3.5,,,,,,,,,
Savory Symphonies,No,No,99,500,Buffet,nonveg,Mint Path,3.5,,,,,,,,,
Epicurean Charms,No,Yes,808,125,Dining,nonveg,Orchard Avenue,3.2,,,,,,,,,
Culinary,Yes,No,576,16,Dining ,nonveg,Garden Path,3.6,,,,,,,,,
Harbor Bites,No,Yes,1031,300,Buffet,nonveg,Wildberry Lane,2.9,,,,,,,,,
Driftwood Diner,Yes,No,994,275,Dining,nonveg,Azure Coast Drive,3.8,,,,,,,,,
Crab Shack,No,Yes,2288,235,Cafe,nonveg,Candy Apple Lane,3.4,,,,,,,,,
Tidal Feast,Yes,No,1217,220,Dining,nonveg,Thicket Trail,3.3,,,,,,,,,
Seabreeze Bistro,No,Yes,35,48,Buffet,nonveg,Clearwater Avenue,2.8,,,,,,,,,
Lighthouse Eats,Yes,No,3381,200,Cafe,nonveg,Copper Leaf Road,3.1,,,,,,,,,
The Dock House,No,No,2359,385,Dining ,nonveg,Eagle Ridge Drive,3.5,,,,,,,,,
Nautical Nosh,Yes,Yes,4753,99,Buffet,nonveg,Twilight Stream Road,3.2,,,,,,,,,
Deep Blue,Yes,No,1726,450,Dining,nonveg,Golden Horizon Avenue,3.3,,,,,,,,,
Shoreline Seafood,No,Yes,3532,183,Dining,nonveg,Pebble Brook Drive,3.4,,,,,,,,,
Sea Harvest,No,No,2620,220,Buffet,nonveg,Maple Cliff Lane,3.6,,,,,,,,,
Sailor’s Catch,No,No,773,80,Dining,nonveg,Lush Valley Road,3.4,,,,,,,,,
Beachfront Bites,Yes,Yes,2015,240,Cafe,nonveg,Honey Bee Lane,3.3,,,,,,,,,
Oyster Bay,Yes,No,1061,90,Dining,nonveg,Forgotten Grove Drive,2.7,,,,,,,,,
Sea & Sky,No,Yes,3924,490,Cafe,nonveg,Sugar Maple Way,3.1,,,,,,,,,
Anchor’s Away,No,Yes,1204,67,Dining,nonveg,Rainbow Ridge Avenue,4.2,,,,,,,,,
Pelican’s Catch,Yes,0,1568,95,Dining,nonveg,Majestic Pines Street,2.9,,,,,,,,,
Tide Table,No,Yes,4870,308,Buffet,nonveg,Camelot Lane,3,,,,,,,,,
High Tide,Yes,No,4189,112,Buffet,nonveg,Sunnyhill Drive,3.3,,,,,,,,,
The Fish Market,No,No,25,430,Dining,nonveg,Waffle Cone Lane,3.5,,,,,,,,,
Zen Roll,No,No,1917,130,Dining,nonveg,Blue Skies Drive,3.2,,,,,,,,,
Sushi Sizzle,Yes,Yes,853,14,Cafe,nonveg,Mountain View Way,3.6,,,,,,,,,
Koi House,No,Yes,2034,428,Dining,nonveg,Rainbow Valley Road,3.1,,,,,,,,,
Maki Magic,Yes,No,4549,190,Cafe,nonveg,Treetop Terrace,3.3,,,,,,,,,
Tokyo Bites,Yes,No,1442,25,Buffet,nonveg,Maple Glen Avenue,3,,,,,,,,,
Rice & Roll,No,Yes,3720,45,Dining,nonveg,Riverwood Drive,3.5,,,,,,,,,
Sushi Garden,Yes,No,3055,60,Buffet,nonveg,Pine Hill Road,3.4,,,,,,,,,
Samurai Sushi,No,Yes,4060,400,Dining,nonveg,Golden Grape Lane,3.1,,,,,,,,,
Umami Bliss,Yes,No,540,75,Cafe,nonveg,Whispering Willow Street,3.3,,,,,,,,,
Shogun Rolls,No,Yes,1943,150,Dining,nonveg,Rustling Leaf Road,3.5,,,,,,,,,
Bento & Rolls,No,Yes,3359,25,Dining,nonveg,Garden Grove Drive,3,,,,,,,,,
Sashimi Express,No,No,3918,91,Dining,nonveg,Sunlit Lane,3.4,,,,,,,,,
Tuna Temple,Yes,No,3822,250,Buffet,nonveg,Dewdrop Avenue,3.1,,,,,,,,,
Sushi River,Yes,Yes,3215,49,Dining,nonveg,Azure Skies Drive,3.4,,,,,,,,,
Tempura Tides,No,Yes,3052,75,Buffet,nonveg,Barn Owl Avenue,2.8,,,,,,,,,
Koi Sushi Bar,No,No,3084,270,Dining,nonveg,Breezy Hill Way,3.3,,,,,,,,,
Little Tokyo,Yes,No,2393,185,Cafe,veg,Blue Ridge Road,3.3,,,,,,,,,
Sushi Harbor,No,Yes,1462,120,Buffet,veg,Maple Blossom Path,3.4,,,,,,,,,
Sakura Sushi,Yes,No,1646,110,Dining,nonveg,Starview Drive,3.3,,,,,,,,,
Sushi & Beyond,No,No,1780,99,Buffet,nonveg,Sunset Ridge Avenue,3.3,,,,,,,,,
The Savory Pearl,Yes,No,90,200,Cafe,nonveg,Evergreen Lane,3,,,,,,,,,
Golden Flame,Yes,Yes,705,19,Dining,nonveg,Cascading Water Drive,3.5,,,,,,,,,
The Polished Plate,No,Yes,4834,30,Buffet,nonveg,Echo Hollow Road,3.4,,,,,,,,,
Velvet & Wine,No,No,1396,150,Cafe,nonveg,Silver Sky Avenue,2.9,,,,,,,,,
Elegance & Eats,Yes,Yes,1642,200,Dining,nonveg,Citrine Lane,3.2,,,,,,,,,
The Royal Plate,Yes,No,3923,99,Cafe,nonveg,Radiant Road,4,,,,,,,,,
The Golden Fork,No,Yes,2025,21,Buffet,nonveg,Maplewood Way,3.3,,,,,,,,,
Opal Table,Yes,No,1020,180,Dining,nonveg,Wandering Willow Avenue,3.5,,,,,,,,,
Pearl & Wine,No,Yes,3207,225,Buffet,nonveg,Sunbeam Street,3.1,,,,,,,,,
The Classic Plate,Yes,No,4109,450,Dining,nonveg,Serendipity Lane,2.9,,,,,,,,,
Vintage Supper,No,No,4533,375,Cafe,veg,Horizon Way,3.3,,,,,,,,,
Diamond Plate,Yes,Yes,2125,99,Dining,nonveg,Misty Woods Road,3.2,,,,,,,,,
The Prestige Table,Yes,Yes,3166,70,Buffet,nonveg,Redwood Lane,3.3,,,,,,,,,
Luxe Bistro,No,No,1263,480,Cafe,nonveg,Morning Mist Place,3.5,,,,,,,,,
Urban Eats,No,Yes,4974,280,Dining,nonveg,Sunnybank Avenue,3.1,,,,,,,,,
Fusion Feast,Yes,No,2005,600,Buffet,nonveg,Floating Leaf Street,3.4,,,,,,,,,
The Rustic Kitchen,No,No,3190,80,Dining,nonveg,Airstream Avenue,3.3,,,,,,,,,
Comfort Bites,No,Yes,529,250,Buffet,nonveg,Glistening Night Drive,3,,,,,,,,,
Saffron & Spice,Yes,Yes,2547,399,Cafe,nonveg,Sunshine Grove Road,3.2,,,,,,,,,
Taste of Tokyo,Yes,No,3048,170,Dining,nonveg,Golden Harvest Lane,3.3,,,,,,,,,
Bite Me Bistro,No,Yes,4466,275,Dining,nonveg,Catreek Drive,3.3,,,,,,,,,
Fork & Fun,No,No,64,140,Cafe,nonveg,Evergreen Brook Lane,3.1,,,,,,,,,
Fresh & Fit,Yes,No,2871,266,Buffet,nonveg,Farmland Road,3.4,,,,,,,,,
Green Gourmet,Yes,Yes,3280,99,Dining,nonveg,Cascade Ridge Drive,3.5,,,,,,,,,
The Hungry Nomad,No,Yes,3133,270,Buffet,nonveg,Charming Lane,3.2,,,,,,,,,
Quirk & Sizzle,Yes,No,4195,200,Cafe,nonveg,Heavenly Acres Way,3.3,,,,,,,,,
Rasoi Ki Rani,No,No,1768,195,Dining,nonveg,Serenity Springs Road,4.1,,,,,,,,,
Dastarkhwan,No,Yes,4082,30,Buffet,nonveg,Tranquility Lane,2.8,,,,,,,,,
Matka,Yes,No,1190,60,Cafe,nonveg,Candlewood Drive,3.3,,,,,,,,,
Daawat-e-Khaas,No,Yes,11,101,Buffet,nonveg,Starburst Way,3.6,,,,,,,,,
Mehfil,No,No,1578,60,Dining,nonveg,Meadowlark Drive,3.4,,,,,,,,,
Rasoi Ghar,Yes,No,2256,275,Buffet,nonveg,Glowing Ember Avenue,3.1,,,,,,,,,
Desi Dhaba,Yes,No,2008,389,Dining,nonveg,Dewdrop Lane,3.5,,,,,,,,,
Khaana Khazana,No,Yes,2596,64,Cafe,veg,Emerald Fern Drive,3.5,,,,,,,,,
Ghareeb Da Dhaba,Yes,Yes,14,14,Dining,nonveg,Sunny Meadows Path,3,,,,,,,,,
Khaansama,Yes,No,1882,85,Buffet,nonveg,Locust Grove Road,3.3,,,,,,,,,
Pakwan,No,No,19,250,Dining,nonveg,Blue Meadow Lane,3.4,,,,,,,,,
Apna Chulha,No,Yes,2078,225,Buffet,nonveg,Cedar Grove Way,3.1,,,,,,,,,
Angeethi,Yes,Yes,4290,150,Cafe,nonveg,Golden Leaf Drive,2.9,,,,,,,,,
Dastarkhan,Yes,No,1541,90,Dining,nonveg,Lily Blossom Avenue,3,,,,,,,,,
Purani Dilli Chulha,Yes,No,848,60,Cafe,nonveg,Moonlit Way,3.4,,,,,,,,,
Riwaayat,No,Yes,2283,315,Dining,nonveg,Serenade Lane,3.3,,,,,,,,,
Namak Swad,No,No,4309,80,Buffet,nonveg,Whispering Grove Drive,3.1,,,,,,,,,
Bawarchi,Yes,No,2917,295,Buffet,nonveg,Heron Way,3.5,,,,,,,,,
Khansaama Ki Rasoi,No,Yes,1183,35,Dining,veg,Sunnydale Avenue,4,,,,,,,,,
Khaana-e-Khaas,Yes,Yes,864,162,Buffet,nonveg,Dappled Shade Drive,2.9,,,,,,,,,
Khazana,No,No,2386,150,Cafe,nonveg,Orchard Lane,3.3,,,,,,,,,
Zaika Hindustani,Yes,Yes,3214,195,Dining,nonveg,Golden Dune Avenue,3.2,,,,,,,,,
Rasoiya,No,No,4820,90,Cafe,nonveg,Shady Pines Drive,3.3,,,,,,,,,
Zaika-e-Dilli,No,No,1112,385,Buffet,nonveg,Cascading Falls Way,3.4,,,,,,,,,
Shahi Daawat,Yes,Yes,84,380,Dining,nonveg,Rippling Stream Lane,3.5,,,,,,,,,
Dhaba Culture,Yes,No,3096,200,Dining,nonveg,Brightwater Street,3.3,,,,,,,,,
Puraani Rasoi,No,Yes,2051,48,Buffet,nonveg,Cherry Blossom Drive,3.2,,,,,,,,,
Paranthe Wali Gali,Yes,No,1175,145,Cafe,nonveg,Golden Crest Way,3.6,,,,,,,,,
Mitti Ka Chulha,No,No,1961,299,Dining,nonveg,Twilight Flower Lane,3.4,,,,,,,,,
The Royal Table,No,Yes,295,100,Buffet,nonveg,Silver Birch Boulevard,3.1,,,,,,,,,
Luxe Bistro,Yes,Yes,3858,165,Dining,nonveg,Moonrise Lane,3.2,,,,,,,,,
Urban Eats,Yes,No,4206,488,Cafe,nonveg,Wild Meadow Drive,3,,,,,,,,,
Fusion Feast,No,Yes,1239,46,Buffet,nonveg,Heather Way,3.2,,,,,,,,,
The Rustic Kitchen,No,No,178,500,Dining,nonveg,Creekview Avenue,3.5,,,,,,,,,
Comfort Bites,Yes,Yes,732,425,Buffet,nonveg,Sweet Pea Lane,3.1,,,,,,,,,
Saffron & Spice,No,No,2773,100,Dining,nonveg,Bountiful Harvest Road,3.4,,,,,,,,,
Taste of Tokyo,Yes,No,1559,480,Cafe,nonveg,Skyview Lane,2.9,,,,,,,,,
Bite Me Bistro,No,Yes,2028,200,Dining,nonveg,Breezes Edge Drive,3.2,,,,,,,,,
Fork & Fun,No,No,2441,118,Buffet,nonveg,Horizon Lane,3.3,,,,,,,,,
Fresh & Fit,Yes,No,1959,250,Cafe,nonveg,Gentle Fern Way,3.5,,,,,,,,,
Green Gourmet,No,Yes,3748,165,Dining,nonveg,Thistlewood Road,3.6,,,,,,,,,
The Hungry Nomad,Yes,Yes,34,145,Dining,nonveg,Dreamland Drive,3.2,,,,,,,,,
Quirk & Sizzle,Yes,No,4543,192,Buffet,nonveg,Sunnyvale Path,4,,,,,,,,,
Rasoi Ki Rani,No,No,4720,45,Dining,nonveg,Crystal Springs Lane,3.5,,,,,,,,,
Dastarkhwan,Yes,Yes,9,446,Cafe,nonveg,Rosenthal Lane,3.3,,,,,,,,,
Matka,No,No,85,67,Buffet,nonveg,Crystal Cove Avenue,3.1,,,,,,,,,
Daawat-e-Khaas,No,No,53,207,Dining,nonveg,Whispering Stream Drive,3.4,,,,,,,,,
Mehfil,Yes,Yes,97,80,Buffet,nonveg,Flowering Oasis Way,3.3,,,,,,,,,
Rasoi Ghar,Yes,No,15,220,Cafe,nonveg,Sunlit Grove Drive,2.9,,,,,,,,,
Desi Dhaba,No,Yes,72,23,Dining,nonveg,Goldfinch Avenue,3.4,,,,,,,,,
Khaana Khazana,Yes,Yes,11,90,Buffet,nonveg,Harmonic Lane,3.3,,,,,,,,,
Ghareeb Da Dhaba,No,No,46,185,Dining,nonveg,Red Maple Avenue,3.1,,,,,,,,,
Khaansama,Yes,Yes,21,90,Cafe,nonveg,Evanescent Way,2.8,,,,,,,,,
Pakwan,No,No,39,350,Dining,nonveg,Tranquil Heights Lane,3.2,,,,,,,,,
Apna Chulha,No,No,66,170,Buffet,nonveg,Sunset Pines Drive,3.6,,,,,,,,,
Angeethi,Yes,Yes,3,95,Buffet,nonveg,Sapphire Vale Road,3.3,,,,,,,,,
Dastarkhan,Yes,Yes,58,20,Dining,nonveg,Bright Waterside Lane,3.4,,,,,,,,,0
Purani Dilli Chulha,No,No,27,300,Cafe,nonveg,Silver Oak Drive,2.9,,,,,,,,,
Riwaayat,No,Yes,10,220,Buffet,nonveg,Morning Mist Avenue,3.3,,,,,,,,,
Namak Swad,Yes,No,74,227,Dining,nonveg,Cinnamon Grove Way,2.8,,,,,,,,,
Bawarchi,No,Yes,92,99,Dining,nonveg,Hummingbird Lane,3.5,,,,,,,,,
Khansaama Ki Rasoi,Yes,No,81,270,Cafe,veg,Solitude Drive,3.4,,,,,,,,,
Khaana-e-Khaas,No,No,32,40,Dining,nonveg,Skyline Avenue,3,,,,,,,,,
Khazana,No,Yes,50,135,Buffet,nonveg,Dappled Light Way,3.3,,,,,,,,,
Zaika Hindustani,Yes,Yes,18,270,Dining,nonveg,Mossy Glen Boulevard,3.7,,,,,,,,,
Rasoiya,Yes,No,41,350,Buffet,nonveg,Green Leaf Lane,3.2,,,,,,,,,
Zaika-e-Dilli,No,No,60,89,Cafe,nonveg,Wisteria Way,3.3,,,,,,,,,
Shahi Daawat,Yes,Yes,76,175,Dining,nonveg,Snowdrop Lane,3.5,,,,,,,,,
Dhaba Culture,No,Yes,99,210,Cafe,nonveg,Crisp Spring Road,3.1,,,,,,,,,
Puraani Rasoi,No,No,34,400,Buffet,nonveg,Sunshine Vale Drive,2.9,,,,,,,,,
Paranthe Wali Gali,Yes,Yes,13,45,Dining,nonveg,Crystal Hill Lane,3.3,,,,,,,,,
Mitti Ka Chulha,No,No,67,230,Buffet,nonveg,Seabreeze Boulevard,3.1,,,,,,,,,
The Royal Table,Yes,Yes,55,600,Dining,nonveg,Lavender Dream Drive,3.5,,,,,,,,,
Luxe Bistro,Yes,No,29,160,Cafe,nonveg,Bountiful Meadow Lane,3.4,,,,,,,,,
Urban Eats,No,No,14,190,Dining,nonveg,Heartfelt Way,2.8,,,,,,,,,
Fusion Feast,No,Yes,44,220,Buffet,vegan,Sunburst Avenue,3.3,,,,,,,,,
The Rustic Kitchen,Yes,Yes,77,375,Dining,nonveg,Riverbend Drive,3.5,,,,,,,,,
Comfort Bites,Yes,No,83,450,Buffet,nonveg,Forest Dream Lane,3.1,,,,,,,,,
Saffron & Spice,No,Yes,8,80,Cafe,nonveg,Sunnyland Avenue,3.3,,,,,,,,,
Taste of Tokyo,Yes,No,35,115,Dining,nonveg,Willow Way,3.2,,,,,,,,,
Bite Me Bistro,No,No,49,80,Cafe,veg,Sunny Bend Court,3.4,,,,,,,,,
Fork & Fun,Yes,Yes,65,12,Dining,nonveg,Everglade Drive,3.5,,,,,,,,,
Fresh & Fit,No,Yes,24,290,Buffet,nonveg,Rose Garden Lane,3,,,,,,,,,
Green Gourmet,No,No,99,220,Dining,nonveg,Paradise Path,4,,,,,,,,,
The Hungry Nomad,Yes,No,30,385,Buffet,nonveg,Lakeside Meadow Drive,3.3,,,,,,,,,
Quirk & Sizzle,No,Yes,88,60,Cafe,nonveg,Sunshine Fields Lane,3.5,,,,,,,,,
Rasoi Ki Rani,No,No,63,120,Dining,nonveg,Maple Leaf Pathway,3.1,,,,,,,,,
Dastarkhwan,Yes,Yes,19,35,Buffet,nonveg,Autumn Breeze Drive,3.4,,,,,,,,,
Matka,Yes,No,86,250,Dining,vegan,Sapphire Shore Lane,2.9,,,,,,,,,
Daawat-e-Khaas,No,No,53,65,Cafe,nonveg,Meadow’s Edge Avenue,3.3,,,,,,,,,
Mehfil,Yes,Yes,6,150,Dining,nonveg,Moonlight Bay Road,3.5,,,,,,,,,
Rasoi Ghar,No,No,94,80,Buffet,nonveg,Whispering Winds Way,3.2,,,,,,,,,
Desi Dhaba,No,Yes,1,275,Cafe,nonveg,Sunny Grove Lane,2.8,,,,,,,,,
Khaana Khazana,Yes,No,82,200,Dining,nonveg,Featherstone Drive,3.1,,,,,,,,,
Ghareeb Da Dhaba,Yes,No,4,300,Buffet,nonveg,Coral Reef Road,3.4,,,,,,,,,
Khaansama,No,Yes,72,72,Building,nonveg,Breezehill Avenue,3.5,,,,,,,,,
Pakwan,Yes,Yes,57,150,Dining,nonveg,Trillium Trail,3.4,,,,,,,,,
Apna Chulha,No,No,91,150,Cafe,nonveg,Poppy Fields Drive,3.1,,,,,,,,,
Angeethi,No,No,39,90,Dining,nonveg,Crystal Waters Lane,2.6,,,,,,,,,
Dastarkhan,Yes,Yes,15,270,Buffet,nonveg,Ivory Tower Lane,3.3,,,,,,,,,
Purani Dilli Chulha,Yes,No,11,122,Cafe,vegan,Hidden Valley Avenue,4.9,,,,,,,,,
Riwaayat,No,No,20,205,Dining,veg,Silver Stream Drive,3,,,,,,,,,
Namak Swad,No,Yes,87,255,Buffet,veg,Orchid Blossom Way,4.2,,,,,,,,,
Bawarchi,Yes,No,100,150,Cafe,nonveg,western coast,4.5,,,,,,,,,
